4.445738077163696,-10.0,91.0,1.0,0
4.607580184936523,13.25,61.25,0,0
4.644946336746216,16.25,55.5,0,0
4.663488149642944,16.25,55.5,0,0
4.685218095779419,20.25,50.0,-1.0,0
4.70515513420105,0,0,0,0
4.72977614402771,0,0,0,0
4.748230218887329,0,0,0,0
4.766714096069336,23.75,48.0,-2.0,0
4.784778118133545,23.75,47.75,-1.0,0
4.805598020553589,22.25,46.5,-2.0,0
4.823743104934692,22.25,46.5,-2.0,0
4.8421630859375,22.75,43.5,-2.0,0
4.86050009727478,22.75,43.5,-2.0,0
4.879179000854492,24.0,46.25,-2.0,0
4.8977742195129395,23.5,63.5,-2.0,0
4.916447162628174,23.5,63.5,-2.0,0
4.9351842403411865,23.25,90.0,-2.0,0
4.953994989395142,23.25,90.0,-2.0,0
4.9727020263671875,22.75,118.75,-3.0,0
4.99143123626709,22.75,118.75,-3.0,0
5.0101001262664795,23.75,145.25,-1.0,0
5.028587102890015,23.75,145.25,-1.0,0
5.047194242477417,24.75,167.5,-2.0,0
5.065618991851807,24.75,167.5,-2.0,0
5.083948135375977,24.75,167.5,-2.0,0
5.102485179901123,24.75,167.5,-2.0,0
5.1211042404174805,24.75,167.5,-2.0,0
5.138915061950684,24.75,167.5,-2.0,0
5.157546043395996,24.75,167.5,-2.0,0
5.176343202590942,31.25,161.5,-4.0,0
5.194719076156616,31.25,161.5,-4.0,0
5.213128089904785,32.75,113.0,-5.0,0
5.231470108032227,34.0,87.5,-4.0,0
5.250662326812744,34.0,87.5,-4.0,0
5.269938945770264,34.5,63.25,-4.0,0
5.288625240325928,34.5,63.25,-4.0,0
5.307553052902222,32.75,46.25,-3.0,0
5.326688051223755,32.75,46.25,-3.0,0
5.346292972564697,27.5,40.75,-1.0,0
5.365547180175781,20.5,44.75,-1.0,0
5.384918212890625,20.5,44.75,-1.0,0
5.404139041900635,14.5,51.75,1.0,0
5.423255205154419,14.5,51.75,1.0,0
5.4429402351379395,14.5,51.75,1.0,0
5.461117267608643,0,0,0,0
5.4806389808654785,0,0,0,0
5.497916221618652,4.25,60.25,1.0,0
5.515312194824219,4.25,60.25,1.0,0
5.533527135848999,2.5,60.0,3.0,0
5.55174708366394,2.5,60.0,3.0,0
5.569048166275024,1.25,64.0,1.0,0
5.586856365203857,1.25,64.0,1.0,0
5.606045961380005,1.25,64.0,1.0,0
5.623506307601929,0.75,69.0,1.0,0
5.641909122467041,1.0,71.5,1.0,0
5.660430192947388,1.0,71.5,1.0,0
5.678710222244263,2.25,71.25,1.0,0
5.696382999420166,2.25,71.25,1.0,0
5.7148051261901855,5.0,66.25,1.0,0
5.7329840660095215,10.75,55.75,-1.0,0
5.7514262199401855,10.75,55.75,-1.0,0
5.76872706413269,10.75,55.75,-1.0,0
5.787299156188965,18.5,39.25,-1.0,0
5.805612087249756,25.75,18.75,-1.0,0
5.8238561153411865,25.75,18.75,-1.0,0
5.841210126876831,31.0,-0.75,-2.0,0
5.859881162643433,35.0,-17.25,-3.0,0
5.878249168395996,35.0,-17.25,-3.0,0
5.896919250488281,35.0,-17.25,-3.0,0
5.915085077285767,36.5,-28.75,-3.0,0
5.9333109855651855,0,0,0,0
5.952045202255249,0,0,0,0
5.970560073852539,35.0,-35.25,-3.0,0
5.989440202713013,35.0,-35.25,-3.0,0
6.0079522132873535,0,0,0,0
6.026463985443115,0,0,0,0
6.044617176055908,0,0,0,0
6.062903165817261,0,0,0,0
6.0814831256866455,35.0,-45.25,-4.0,0
6.099793195724487,35.0,-45.25,-4.0,0
6.118221044540405,35.0,-45.25,-4.0,0
6.136572360992432,35.0,-45.25,-4.0,0
6.155503273010254,35.0,-45.25,-4.0,0
6.17517614364624,35.0,-45.25,-4.0,0
6.19369912147522,0,0,0,0
6.211677312850952,0,0,0,0
6.229069232940674,33.5,-64.5,-4.0,0
6.247269153594971,33.5,-64.5,-4.0,0
6.265680313110352,33.5,-64.5,-4.0,0
6.284132242202759,31.0,-69.75,-2.0,0
6.302462100982666,31.0,-69.75,-2.0,0
6.3207502365112305,27.75,-77.25,-1.0,0
6.339003324508667,27.75,-77.25,-1.0,0
6.357466220855713,26.5,-88.5,-2.0,0
6.376092195510864,24.5,-96.0,-1.0,0
6.394827127456665,24.5,-96.0,-1.0,0
6.413344144821167,21.25,-102.0,-1.0,0
6.431880950927734,21.25,-102.0,-1.0,0
6.4504311084747314,20.0,-105.5,-2.0,0
6.469164133071899,18.25,-103.75,-2.0,0
6.487807035446167,18.25,-103.75,-2.0,0
6.506200075149536,17.0,-104.75,-1.0,0
6.5251452922821045,17.0,-104.75,-1.0,0
6.543578147888184,0,0,0,0
6.561707019805908,0,0,0,0
6.580221176147461,18.75,-112.0,-3.0,0
6.59883713722229,18.75,-113.75,-2.0,0
6.617209196090698,18.75,-113.75,-2.0,0
6.6355881690979,18.75,-113.75,-2.0,0
6.654105186462402,17.75,-115.0,-2.0,0
6.672823190689087,16.25,-121.5,-1.0,0
6.691638231277466,16.25,-121.5,-1.0,0
6.710661172866821,16.75,-129.5,-1.0,0
6.728823184967041,16.75,-129.5,-1.0,0
6.748528242111206,17.0,-133.5,-3.0,0
6.767649173736572,17.0,-133.5,-3.0,0
6.786801338195801,17.0,-133.5,-3.0,0
6.805483102798462,17.0,-132.75,-2.0,0
6.825627326965332,14.25,-129.75,-1.0,0
6.84523606300354,13.0,-132.0,-1.0,0
6.865869045257568,13.0,-132.0,-1.0,0
6.885434150695801,13.0,-136.25,-1.0,0
6.905062198638916,0,0,0,0
6.923535108566284,0,0,0,0
6.942569971084595,18.5,-149.25,-2.0,0
6.9610021114349365,18.5,-149.25,-2.0,0
6.979100227355957,0,0,0,0
6.996788024902344,0,0,0,0
7.014599323272705,16.0,-130.75,-2.0,0
7.0323920249938965,11.75,-124.75,-2.0,0
7.05075216293335,11.75,-124.75,-2.0,0
7.06921124458313,7.75,-124.0,-1.0,0
7.087687969207764,7.75,-124.0,-1.0,0
7.106249094009399,4.5,-123.5,0,0
7.126582145690918,4.5,-123.5,0,0
7.149054050445557,3.0,-127.0,0,0
7.169455289840698,3.0,-127.0,0,0
7.188690185546875,3.0,-127.0,0,0
7.207736253738403,3.0,-127.0,0,0
7.226402044296265,3.0,-127.0,0,0
7.244312047958374,3.25,-135.25,0,0
7.263128280639648,8.0,-140.25,-3.0,0
7.2813560962677,8.0,-140.25,-3.0,0
7.299726247787476,7.0,-133.75,-1.0,0
7.318183183670044,7.0,-133.75,-1.0,0
7.336773157119751,7.0,-133.75,-1.0,0
7.354936122894287,3.5,-125.25,-2.0,0
7.373687028884888,-1.75,-119.75,-1.0,0
7.392040967941284,-1.75,-119.75,-1.0,0
7.410528182983398,-5.5,-123.0,0,0
7.428474187850952,-5.5,-123.0,0,0
7.4461870193481445,-8.75,-118.25,0,0
7.464655160903931,-8.75,-118.25,0,0
7.483097076416016,-9.5,-110.5,-1.0,0
7.50173020362854,-10.25,-102.25,1.0,0
7.519300222396851,-10.25,-102.25,1.0,0
7.537737131118774,-11.25,-92.5,0,0
7.556143283843994,-11.25,-92.5,0,0
7.57451605796814,-9.25,-83.25,0,0
7.592843055725098,-9.25,-83.25,0,0
7.610981225967407,-7.0,-75.75,-1.0,0
7.629191160202026,-7.0,-75.75,-1.0,0
7.6467461585998535,-6.5,-68.5,-1.0,0
7.664505243301392,-8.25,-59.0,-2.0,0
7.682100057601929,-8.25,-59.0,-2.0,0
7.6994853019714355,-8.25,-59.0,-2.0,0
7.717679262161255,-14.25,-46.75,0,0
7.735986948013306,-14.25,-46.75,0,0
7.7536962032318115,-20.5,-33.75,2.0,0
7.771471261978149,-20.5,-33.75,2.0,0
7.7904322147369385,-20.5,-33.75,2.0,0
7.808812141418457,-26.75,-9.25,1.0,0
7.827768087387085,-26.75,-9.25,1.0,0
7.846344947814941,-24.75,-0.75,1.0,0
7.865049123764038,-24.75,-0.75,1.0,0
7.883415222167969,-20.25,3.5,3.0,0
7.9014952182769775,-20.25,3.5,3.0,0
7.919690132141113,-16.75,5.25,0,0
7.937469959259033,-15.25,8.25,-1.0,0
7.95584511756897,-15.25,8.25,-1.0,0
7.974346160888672,-17.25,15.5,0,0
7.9922192096710205,-17.25,15.5,0,0
8.010571002960205,-17.25,15.5,0,0
8.028427124023438,0,0,0,0
8.046639204025269,-20.25,35.0,0,0
8.06520128250122,-17.25,42.0,-1.0,0
8.083502292633057,-17.25,42.0,-1.0,0
8.101447343826294,-14.0,46.5,-1.0,0
8.119680166244507,-14.0,46.5,-1.0,0
8.138164043426514,-11.75,49.75,-2.0,0
8.156286001205444,-11.75,49.75,-2.0,0
8.174069166183472,-12.5,56.5,-1.0,0
8.192159175872803,-12.5,56.5,-1.0,0
8.210456132888794,-12.5,56.5,-1.0,0
8.228902339935303,-12.5,56.5,-1.0,0
8.24688720703125,-12.5,56.5,-1.0,0
8.265226125717163,-12.5,56.5,-1.0,0
8.283355236053467,-16.0,70.5,-1.0,0
8.302005052566528,-21.75,104.5,1.0,0
8.31954312324524,-21.75,104.5,1.0,0
8.338030099868774,-18.5,106.25,0,0
8.356428146362305,-18.5,106.25,0,0
8.374782085418701,-14.75,106.75,0,0
8.392741203308105,-14.75,106.75,0,0
8.411438226699829,-13.25,107.5,1.0,0
8.429833173751831,-13.25,107.5,1.0,0
8.44745397567749,-14.25,110.5,-1.0,0
8.464953184127808,-16.5,116.75,-3.0,0
8.483611345291138,-16.5,116.75,-3.0,0
8.501923084259033,-17.5,124.0,2.0,0
8.52009916305542,-17.5,124.0,2.0,0
8.5384681224823,-18.25,131.5,2.0,0
8.555906057357788,-18.25,131.5,2.0,0
8.574867963790894,-18.25,131.5,2.0,0
8.593712329864502,-18.75,137.75,1.0,0
8.6112802028656,-18.25,145.5,0,0
8.637903213500977,0,0,0,0
8.670695304870605,-13.75,157.5,0,0
8.690720081329346,-13.75,157.5,0,0
8.724393129348755,-8.75,163.75,2.0,0
8.743789196014404,-8.75,163.75,2.0,0
8.765135288238525,2.75,176.25,-2.0,0
8.783610105514526,2.75,176.25,-2.0,0
8.801921129226685,2.75,176.25,-2.0,0
8.820141077041626,7.0,176.75,-3.0,0
8.83808422088623,9.75,175.75,-4.0,0
8.857490301132202,9.75,175.75,-4.0,0
8.875258207321167,12.0,172.0,-4.0,0
8.892980098724365,12.0,172.0,-4.0,0
8.911616086959839,12.0,172.0,-4.0,0
8.929572105407715,12.75,170.0,-3.0,0
8.94789719581604,14.5,166.75,-4.0,0
8.966236352920532,17.5,164.0,-4.0,0
9.000234127044678,20.25,163.75,-6.0,0
9.020848274230957,20.25,163.75,-6.0,0
9.042662143707275,20.25,163.75,-6.0,0
9.060641050338745,21.0,165.5,-4.0,0
9.079314947128296,21.0,165.5,-4.0,0
9.097941160202026,18.25,172.25,-4.0,0
9.116687297821045,18.25,172.25,-4.0,0
9.13533329963684,18.25,172.25,-4.0,0
9.152748107910156,17.25,179.75,-5.0,0
9.170746326446533,17.5,180.75,-4.0,0
9.189317226409912,17.5,180.75,-4.0,0
9.206778287887573,21.75,188.25,-4.0,0
9.224614143371582,21.75,188.25,-4.0,0
9.242967128753662,21.75,188.25,-4.0,0
9.26052212715149,21.75,188.25,-4.0,0
9.278504371643066,21.75,188.25,-4.0,0
9.296279191970825,21.75,188.25,-4.0,0
9.314377069473267,21.75,188.25,-4.0,0
9.331940174102783,23.5,189.75,-5.0,0
9.350491285324097,23.0,189.75,-5.0,0
9.368628978729248,17.75,185.0,-5.0,0
9.386946201324463,17.75,185.0,-5.0,0
9.404580116271973,17.5,179.5,-4.0,0
9.42316222190857,17.5,179.5,-4.0,0
9.440973043441772,15.75,175.25,-3.0,0
9.459193229675293,15.75,175.25,-3.0,0
9.477057218551636,14.0,169.25,-2.0,0
9.494688034057617,14.0,169.25,-2.0,0
9.512953281402588,12.75,164.25,-2.0,0
9.53139615058899,12.75,164.25,-2.0,0
9.549599170684814,13.25,163.5,-4.0,0
9.567615032196045,14.5,158.25,-5.0,0
9.585891246795654,14.5,158.25,-5.0,0
9.604239225387573,14.75,158.0,-2.0,0
9.62259316444397,14.75,158.0,-2.0,0
9.640228271484375,13.5,156.25,1.0,0
9.657740116119385,13.5,156.25,1.0,0
9.675925016403198,0,0,0,0
9.693816184997559,0,0,0,0
9.711790084838867,0,0,0,0
9.72939920425415,0,0,0,0
9.747633218765259,0,0,0,0
9.76575517654419,0,0,0,0
9.78305721282959,0,0,0,0
9.800973176956177,0,0,0,0
9.819122314453125,0,0,0,0
9.836533069610596,0,0,0,0
9.854104280471802,0,0,0,0
9.87134313583374,0,0,0,0
9.889571189880371,0,0,0,0
9.90772819519043,0,0,0,0
9.926484107971191,0,0,0,0
9.944029331207275,-5.75,121.0,-1.0,0
9.962687015533447,-5.75,121.0,-1.0,0
9.981025218963623,-6.5,111.0,1.0,0
9.999232053756714,-6.5,111.0,1.0,0
10.01787805557251,-7.75,103.25,4.0,0
10.036123275756836,-9.5,95.5,1.0,0
10.054429292678833,-9.5,95.5,1.0,0
10.072818994522095,-10.0,90.0,4.0,0
10.091236114501953,-10.0,90.0,4.0,0
10.109576940536499,-9.0,81.25,4.0,0
10.127987146377563,-9.0,81.25,4.0,0
10.146461248397827,-9.0,81.25,4.0,0
10.16645622253418,-7.0,66.0,3.0,0
10.186228036880493,-2.5,44.5,2.0,0
10.206039190292358,8.75,5.75,-1.0,0
10.224315166473389,8.75,5.75,-1.0,0
10.242089033126831,8.75,5.75,-1.0,0
10.260878086090088,8.75,5.75,-1.0,0
10.278249979019165,12.5,-11.75,0,0
10.296481132507324,12.5,-11.75,0,0
10.315195322036743,12.5,-11.75,0,0
10.333943128585815,12.5,-11.75,0,0
10.353419065475464,12.5,-11.75,0,0
10.372291088104248,12.5,-11.75,0,0
10.390972375869751,14.75,-48.5,-1.0,0
10.409399032592773,18.0,-53.5,-2.0,0
10.42815637588501,18.0,-53.5,-2.0,0
10.447380065917969,22.5,-58.75,-3.0,0
10.466414213180542,24.75,-62.75,-2.0,0
10.485438108444214,24.75,-62.75,-2.0,0
10.504372119903564,24.75,-62.75,-2.0,0
10.522863149642944,24.0,-63.25,-3.0,0
10.541429996490479,21.5,-64.25,0,0
10.559810161590576,21.5,-64.25,0,0
10.578193187713623,20.75,-67.5,0,0
10.596845149993896,20.75,-67.5,0,0
10.615503311157227,21.0,-75.0,-2.0,0
10.634311199188232,23.5,-80.25,-1.0,0
10.653040170669556,23.5,-80.25,-1.0,0
10.67161226272583,25.25,-88.5,-2.0,0
10.690351247787476,25.25,-88.5,-2.0,0
10.709036111831665,25.5,-96.0,-1.0,0
10.727664232254028,25.5,-96.0,-1.0,0
10.74622106552124,26.0,-104.75,-1.0,0
10.76525330543518,26.0,-104.75,-1.0,0
10.784182071685791,27.25,-115.5,-2.0,0
10.802695274353027,27.5,-125.25,-3.0,0
10.8215811252594,27.5,-125.25,-3.0,0
10.840935230255127,27.5,-125.25,-3.0,0
10.859570980072021,0,0,0,0
10.878105163574219,0,0,0,0
10.896555185317993,0,0,0,0
10.915181159973145,27.75,-149.5,-2.0,0
10.933802127838135,27.75,-149.5,-2.0,0
10.952489137649536,27.75,-149.5,-2.0,0
10.971191167831421,25.5,-169.25,-3.0,0
10.990098237991333,25.5,-169.25,-3.0,0
11.00811219215393,25.5,-170.5,-2.0,0
11.027063131332397,25.5,-170.5,-2.0,0
11.045966148376465,25.5,-170.5,-2.0,0
11.064654111862183,25.75,-171.75,0,0
11.083168029785156,27.25,-174.5,-2.0,0
11.101781129837036,26.75,-176.25,-3.0,0
11.12061619758606,26.75,-176.25,-3.0,0
11.13916802406311,26.0,-178.5,-2.0,0
11.158027172088623,26.0,-178.5,-2.0,0
11.176809072494507,27.25,-184.75,-2.0,0
11.195735216140747,27.25,-184.75,-2.0,0
11.214381217956543,27.0,-195.75,-1.0,0
11.2330801486969,27.0,-195.75,-1.0,0
11.251638174057007,27.0,-195.75,-1.0,0
11.27028203010559,24.25,-198.5,-1.0,0
11.289160966873169,24.25,-198.5,-1.0,0
11.307983160018921,22.0,-198.0,-2.0,0
11.326163053512573,22.0,-198.0,-2.0,0
11.344314098358154,22.0,-198.0,-2.0,0
11.363119125366211,22.0,-198.0,-2.0,0
11.381853342056274,22.0,-198.0,-2.0,0
11.40063738822937,22.0,-198.0,-2.0,0
11.419326066970825,22.0,-198.0,-2.0,0
11.438063144683838,19.5,-187.0,-1.0,0
11.456792116165161,19.5,-187.0,-1.0,0
11.47559928894043,19.5,-179.75,-1.0,0
11.494325160980225,19.5,-179.75,-1.0,0
11.512943267822266,19.5,-176.0,-2.0,0
11.531368970870972,0,0,0,0
11.549872159957886,15.75,-186.5,-1.0,0
11.5685293674469,16.25,-198.5,-1.0,0
11.58695912361145,16.25,-198.5,-1.0,0
11.605712175369263,16.25,-198.5,-1.0,0
11.62426495552063,16.5,-206.0,-1.0,0
11.643384218215942,16.5,-208.25,-1.0,0
11.66215705871582,16.5,-208.25,-1.0,0
11.68103814125061,14.5,-210.0,-1.0,0
11.699904203414917,14.5,-210.0,-1.0,0
11.7184419631958,0,0,0,0
11.739502191543579,16.25,-209.75,-23.0,0
11.758378028869629,16.25,-209.75,-23.0,0
11.77738904953003,16.5,-206.0,-22.0,0
11.796264171600342,12.75,-207.75,-2.0,0
11.814950227737427,12.75,-207.75,-2.0,0
11.833346128463745,0,0,0,0
11.851902961730957,0,0,0,0
11.870388984680176,0,0,0,0
11.889334201812744,0,0,0,0
11.907820224761963,0,0,0,0
11.926486015319824,0,0,0,0
11.945089101791382,0,0,0,0
11.963592052459717,0,0,0,0
11.982051134109497,0,0,0,0
12.000721216201782,0,0,0,0
12.019258260726929,0,0,0,0
12.037721157073975,0,0,0,0
12.056393146514893,0,0,0,0
12.074040174484253,0,0,0,0
12.092780113220215,0,0,0,0
12.111213207244873,0,0,0,0
12.12962007522583,0,0,0,0
12.148195266723633,0,0,0,0
12.166676998138428,0,0,0,0
12.185754299163818,18.25,-153.5,-4.0,0
12.204472064971924,15.25,-139.25,-3.0,0
12.22332215309143,10.75,-124.0,-1.0,0
12.242513179779053,10.75,-124.0,-1.0,0
12.261322021484375,10.75,-124.0,-1.0,0
12.280387163162231,6.0,-105.25,-1.0,0
12.298939228057861,3.0,-75.0,-1.0,0
12.317556142807007,3.0,-75.0,-1.0,0
12.335950136184692,0.25,-52.5,-1.0,0
12.354650259017944,0.25,-52.5,-1.0,0
12.373156309127808,-0.5,-33.25,-1.0,0
12.392008066177368,-0.5,-33.25,-1.0,0
12.410911083221436,-0.5,-33.25,-1.0,0
12.42948317527771,-0.5,-33.25,-1.0,0
12.448121070861816,-0.5,-33.25,-1.0,0
12.466883182525635,-0.5,-33.25,-1.0,0
12.48539113998413,0.0,-12.5,-1.0,0
12.504141092300415,0.0,-12.5,-1.0,0
12.522791147232056,1.0,3.0,-1.0,0
12.541212320327759,3.25,19.0,-2.0,0
12.558717966079712,3.25,19.0,-2.0,0
12.577224016189575,4.5,26.25,-3.0,0
12.595662117004395,4.5,26.25,-3.0,0
12.614377975463867,4.5,26.25,-3.0,0
12.63307499885559,6.25,33.75,-2.0,0
12.651660203933716,9.0,36.75,-4.0,0
12.67011308670044,10.0,37.75,-4.0,0
12.689058065414429,10.0,37.75,-4.0,0
12.70776915550232,6.25,44.0,-4.0,0
12.726439237594604,6.25,44.0,-4.0,0
12.744840145111084,1.75,51.0,-1.0,0
12.763143301010132,0,0,0,0
12.781505107879639,0,0,0,0
12.799791097640991,0,0,0,0
12.818226337432861,0,0,0,0
12.836384057998657,0,0,0,0
12.854904174804688,0,0,0,0
12.873607158660889,-19.25,124.5,8.0,0
12.892674207687378,-19.25,124.5,8.0,0
12.911160230636597,-19.25,138.5,1.0,0
12.92984127998352,-19.25,138.5,1.0,0
12.948752164840698,-16.5,146.75,1.0,0
12.967665195465088,-16.5,146.75,1.0,0
12.9862961769104,-13.25,149.75,1.0,0
13.004945278167725,-12.5,153.75,1.0,0
13.023935079574585,-12.5,153.75,1.0,0
13.042811155319214,-13.0,158.0,-1.0,0
13.061460018157959,-13.0,158.0,-1.0,0
13.080002069473267,-13.75,163.25,0,0
13.098635196685791,-13.25,164.5,-1.0,0
13.117213249206543,-13.25,164.5,-1.0,0
13.135863065719604,-10.25,166.75,-2.0,0
13.15473222732544,-10.25,166.75,-2.0,0
13.173716068267822,-10.25,166.75,-2.0,0
13.192360401153564,-7.75,167.0,-2.0,0
13.210925102233887,-8.5,163.0,-3.0,0
13.229316234588623,-8.5,163.0,-3.0,0
13.247927188873291,-8.5,163.0,-3.0,0
13.26670527458191,-8.5,163.0,-3.0,0
13.28546929359436,-11.75,159.75,-1.0,0
13.304216146469116,-15.5,165.5,-1.0,0
13.323118209838867,-15.5,165.5,-1.0,0
13.341687202453613,-18.25,178.5,0,0
13.360376119613647,-18.25,178.5,0,0
13.379021167755127,-18.25,178.5,0,0
13.397508144378662,-20.0,193.0,2.0,0
13.416219234466553,-20.0,193.0,2.0,0
13.434653282165527,0,0,0,0
13.45311427116394,0,0,0,0
13.471704244613647,0,0,0,0
13.490169286727905,0,0,0,0
13.50815224647522,0,0,0,0
13.526829242706299,0,0,0,0
13.545229196548462,0,0,0,0
13.563354253768921,0,0,0,0
13.581590175628662,0,0,0,0
13.600109100341797,0,0,0,0
13.618474006652832,0,0,0,0
13.636812210083008,0,0,0,0
13.65562129020691,0,0,0,0
13.673879146575928,0,0,0,0
13.692424058914185,0,0,0,0
13.710763216018677,0,0,0,0
13.72901201248169,0,0,0,0
13.747419118881226,0,0,0,0
13.765594244003296,0,0,0,0
13.783621311187744,0,0,0,0
13.801701307296753,0,0,0,0
13.82003402709961,0,0,0,0
13.838630199432373,0,0,0,0
13.857126235961914,0,0,0,0
13.87589716911316,7.5,205.0,-5.0,0
13.894355058670044,7.5,205.0,-5.0,0
13.913215160369873,9.0,179.5,-4.0,0
13.931820154190063,8.25,162.0,-3.0,0
13.950323104858398,8.25,162.0,-3.0,0
13.968894004821777,6.0,147.75,-2.0,0
13.987544059753418,6.0,147.75,-2.0,0
14.00636911392212,5.75,137.25,-3.0,0
14.024585008621216,5.75,137.25,-3.0,0
14.043275117874146,4.75,131.5,-1.0,0
14.061820268630981,4.75,131.5,-1.0,0
14.080464124679565,4.75,131.5,-1.0,0
14.099226236343384,3.5,118.25,-1.0,0
14.117820262908936,3.5,118.25,-1.0,0
14.136229276657104,5.75,108.5,-1.0,0
14.154754161834717,5.75,108.5,-1.0,0
14.173383951187134,9.75,99.0,-3.0,0
14.192152261734009,9.75,99.0,-3.0,0
14.210544109344482,18.25,75.5,-4.0,0
14.228623151779175,18.25,75.5,-4.0,0
14.247445106506348,18.25,75.5,-4.0,0
14.26639723777771,21.75,65.75,-6.0,0
14.285298347473145,21.75,65.75,-6.0,0
14.303889274597168,21.75,65.75,-6.0,0
14.3231680393219,23.75,60.0,-7.0,0
14.344188213348389,25.75,57.5,-6.0,0
14.362823963165283,25.75,57.5,-6.0,0
14.382136106491089,24.0,56.25,-6.0,0
14.40092921257019,20.0,57.5,-6.0,0
14.419142246246338,20.0,57.5,-6.0,0
14.437647104263306,15.75,63.25,-6.0,0
14.460326194763184,15.75,63.25,-6.0,0
14.478774070739746,13.75,66.75,-4.0,0
14.497130155563354,13.75,66.75,-4.0,0
14.515352249145508,13.75,66.75,-4.0,0
14.533249139785767,13.75,66.75,-4.0,0
14.551340103149414,13.75,66.75,-4.0,0
14.569484233856201,13.75,66.75,-4.0,0
14.587789058685303,11.25,71.0,-4.0,0
14.606283187866211,4.0,64.75,-2.0,0
14.62404203414917,1.25,56.0,-4.0,0
14.642386198043823,1.25,56.0,-4.0,0
14.659997940063477,-2.5,50.25,-2.0,0
14.678171157836914,-6.25,45.25,-2.0,0
14.696607112884521,0,0,0,0
14.713985204696655,0,0,0,0
14.732353210449219,0,0,0,0
14.749966144561768,0,0,0,0
14.768686294555664,0,0,0,0
14.78596019744873,0,0,0,0
14.804502010345459,-21.75,27.0,1.0,0
14.826566219329834,-21.75,27.0,1.0,0
14.845453262329102,-24.5,22.0,1.0,0
14.864313125610352,-24.5,22.0,1.0,0
14.881768941879272,-26.25,14.5,1.0,0
14.900266170501709,-26.25,9.0,0,0
14.919064044952393,-26.25,9.0,0,0
14.937159299850464,-25.0,7.75,0,0
14.955729246139526,-25.0,7.75,0,0
14.976953268051147,0,0,0,0
14.99513030052185,0,0,0,0
15.012601137161255,0,0,0,0
15.032161235809326,0,0,0,0
15.050106287002563,-27.75,3.25,0,0
15.068193197250366,0,0,0,0
15.085971117019653,0,0,0,0
15.103708267211914,0,0,0,0
15.121351957321167,0,0,0,0
15.13968014717102,-35.25,-3.25,1.0,0
15.157446146011353,-35.25,-3.25,1.0,0
15.175117254257202,-32.5,-14.25,0,0
15.192941188812256,-32.5,-14.25,0,0
15.21121621131897,-32.5,-14.25,0,0
15.228645324707031,-28.25,-26.25,0,0
15.246414184570312,-28.25,-26.25,0,0
15.264516115188599,0,0,0,0
15.282783031463623,0,0,0,0
15.300349950790405,-33.75,-32.0,0,0
15.31766414642334,-33.75,-32.0,0,0
15.33607029914856,-37.5,-37.0,0,0
15.354403257369995,-37.5,-37.0,0,0
15.371843099594116,-36.25,-47.5,0,0
15.39010214805603,-36.25,-47.5,0,0
15.40839409828186,-36.25,-47.5,0,0
15.426450252532959,0,0,0,0
15.443831205368042,0,0,0,0
15.46145510673523,0,0,0,0
15.478777170181274,0,0,0,0
15.495793342590332,0,0,0,0
15.51330018043518,-17.5,-71.25,-4.0,0
15.53165602684021,-15.25,-74.25,-3.0,0
15.549634218215942,-15.25,-74.25,-3.0,0
15.56829023361206,-15.25,-74.25,-3.0,0
15.586896181106567,-15.25,-74.25,-3.0,0
15.605698108673096,-15.25,-74.25,-3.0,0
15.624481201171875,-15.25,-74.25,-3.0,0
15.643237113952637,-27.75,-69.5,-1.0,0
15.661798238754272,-27.75,-69.5,-1.0,0
15.680642127990723,-33.25,-73.5,-2.0,0
15.699266195297241,-36.0,-77.5,-1.0,0
15.717993974685669,-36.0,-77.5,-1.0,0
15.736649990081787,-36.0,-77.5,-1.0,0
15.75542140007019,-36.0,-81.0,0,0
15.774326086044312,-36.0,-81.0,0,0
15.793225049972534,-34.75,-81.5,-2.0,0
15.812004089355469,-33.75,-83.25,-1.0,0
15.830745220184326,-33.75,-83.25,-1.0,0
15.849575281143188,-34.25,-85.75,-1.0,0
15.868170022964478,-34.25,-85.75,-1.0,0
15.886996984481812,-34.25,-85.75,-1.0,0
15.905809164047241,-37.5,-80.75,-1.0,0
15.924554109573364,-37.5,-80.75,-1.0,0
15.943227291107178,-41.0,-79.0,0,0
15.96223521232605,-41.0,-79.0,0,0
15.980957269668579,-44.0,-83.0,-1.0,0
15.999685287475586,-44.0,-100.0,0,0
16.018436193466187,-44.0,-100.0,0,0
16.037169218063354,-42.5,-122.25,-1.0,0
16.056010007858276,-42.5,-122.25,-1.0,0
16.07469415664673,-40.5,-140.5,-1.0,0
16.093244314193726,-40.5,-140.5,-1.0,0
16.112210988998413,-38.25,-148.75,-2.0,0
16.13106417655945,-38.25,-148.75,-2.0,0
16.14996099472046,-39.75,-150.25,-2.0,0
16.168822050094604,-45.0,-144.0,0,0
16.18781805038452,-45.0,-144.0,0,0
16.206578969955444,-51.5,-137.0,0,0
16.225340366363525,-51.5,-137.0,0,0
16.24409031867981,-55.75,-130.75,0,0
16.263055086135864,-55.75,-130.75,0,0
16.281862258911133,-53.75,-124.0,1.0,0
16.300377130508423,-49.5,-118.75,-1.0,0
16.318892240524292,-49.5,-118.75,-1.0,0
16.337441205978394,-45.75,-113.75,-2.0,0
16.355879306793213,-45.75,-113.75,-2.0,0
16.374497175216675,-43.25,-108.25,-3.0,0
16.393355131149292,-43.25,-108.25,-3.0,0
16.412174224853516,-41.5,-105.75,-3.0,0
16.431036233901978,-41.5,-105.75,-3.0,0
16.449474096298218,0,0,0,0
16.468191146850586,-43.75,-100.75,-1.0,0
16.486998081207275,-43.75,-100.75,-1.0,0
16.505500316619873,-48.75,-96.5,-2.0,0
16.524129152297974,-48.75,-96.5,-2.0,0
16.543028116226196,-53.75,-92.25,-2.0,0
16.561833143234253,-53.75,-92.25,-2.0,0
16.58043599128723,-60.25,-88.25,1.0,0
16.59894609451294,-60.25,-88.25,1.0,0
16.617543935775757,-60.25,-88.25,1.0,0
16.636258125305176,-60.25,-88.25,1.0,0
16.655320167541504,-60.25,-88.25,1.0,0
16.67383313179016,-60.25,-88.25,1.0,0
16.692760229110718,-69.75,-88.75,0,0
16.711414098739624,-71.5,-84.5,1.0,0
16.72989797592163,-71.5,-84.5,1.0,0
16.748425006866455,-70.75,-78.75,1.0,0
16.766919374465942,-72.75,-70.25,0,0
16.785569190979004,-72.75,-70.25,0,0
16.80417013168335,-76.5,-62.5,0,0
16.82301640510559,-76.5,-62.5,0,0
16.841914176940918,-78.5,-56.75,2.0,0
16.860525131225586,-78.5,-56.75,2.0,0
16.8795063495636,-77.5,-51.0,1.0,0
16.898409128189087,-77.5,-51.0,1.0,0
16.917262077331543,-74.75,-48.25,1.0,0
16.93569016456604,-73.0,-47.0,2.0,0
16.954596281051636,-73.0,-47.0,2.0,0
16.973206043243408,-73.0,-40.75,2.0,0
16.992029190063477,-73.0,-40.75,2.0,0
17.010780334472656,-70.75,-33.0,2.0,0
17.02954602241516,-70.75,-33.0,2.0,0
17.048378229141235,-68.75,-27.75,2.0,0
17.06701922416687,-67.75,-23.75,1.0,0
17.08568239212036,-67.75,-23.75,1.0,0
17.104291200637817,-68.25,-22.0,2.0,0
17.12308931350708,-68.25,-22.0,2.0,0
17.142028093338013,-68.25,-22.0,2.0,0
17.161170959472656,-68.5,-19.0,1.0,0
17.179957151412964,-68.5,-15.75,2.0,0
17.198715209960938,-68.5,-15.75,2.0,0
17.21764826774597,-67.25,-6.75,1.0,0
17.236454248428345,-67.25,-6.75,1.0,0
17.255329132080078,-67.25,-6.75,1.0,0
17.27438712120056,-67.25,-6.75,1.0,0
17.293241262435913,-65.75,-4.0,1.0,0
17.311933279037476,-64.25,0.5,1.0,0
17.330162286758423,-64.25,0.5,1.0,0
17.34891700744629,-63.75,6.0,2.0,0
17.367415189743042,-63.25,13.0,1.0,0
17.38582706451416,-63.25,13.0,1.0,0
17.40450620651245,-59.5,17.75,0,0
17.423259258270264,-59.5,17.75,0,0
17.441766262054443,-55.75,22.25,-1.0,0
17.460346221923828,-55.75,22.25,-1.0,0
17.47891616821289,-53.0,27.0,1.0,0
17.49703812599182,0,0,0,0
17.51526403427124,0,0,0,0
17.534062147140503,-55.5,40.25,1.0,0
17.552849292755127,-55.5,40.25,1.0,0
17.5716552734375,-55.0,48.5,0,0
17.5923330783844,-55.0,48.5,0,0
17.611154317855835,-52.0,53.0,1.0,0
17.630077362060547,-52.0,53.0,1.0,0
17.648831129074097,-47.0,55.0,0,0
17.667524099349976,-47.0,55.0,0,0
17.686248302459717,-47.0,55.0,0,0
17.705100059509277,-47.0,55.0,0,0
17.724396228790283,-47.0,55.0,0,0
17.743287086486816,-41.75,58.0,-1.0,0
17.761934280395508,-41.75,58.0,-1.0,0
17.780524015426636,-44.75,62.5,0,0
17.799119234085083,-44.75,62.5,0,0
17.81759810447693,-46.25,65.75,3.0,0
17.83625030517578,-45.75,69.75,2.0,0
17.855005979537964,-45.75,69.75,2.0,0
17.873613119125366,-44.5,71.5,2.0,0
17.892475128173828,-44.5,71.5,2.0,0
17.91124725341797,-44.5,71.5,2.0,0
17.930025100708008,-42.25,73.25,2.0,0
17.94871234893799,-42.25,73.25,2.0,0
17.96726131439209,-41.75,78.5,1.0,0
17.985746383666992,-41.75,78.5,1.0,0
18.00454020500183,-41.5,83.0,2.0,0
18.02321720123291,-41.5,83.0,2.0,0
18.04179620742798,-38.5,86.25,1.0,0
18.060680150985718,-38.5,86.25,1.0,0
18.0794460773468,-32.75,90.5,1.0,0
18.097891092300415,-26.0,92.25,1.0,0
18.11642813682556,-26.0,92.25,1.0,0
18.134993314743042,-22.0,93.0,-1.0,0
18.153618335723877,-22.0,93.0,-1.0,0
18.17224907875061,-19.25,95.75,0,0
18.19089102745056,-19.25,95.75,0,0
18.20962619781494,-18.75,94.75,-1.0,0
18.22843313217163,-17.0,95.0,-1.0,0
18.24704122543335,-17.0,95.0,-1.0,0
18.2656352519989,-12.75,96.25,-1.0,0
18.284215211868286,-12.75,96.25,-1.0,0
18.302715301513672,-7.0,94.25,-2.0,0
18.321482181549072,-7.0,94.25,-2.0,0
18.34016513824463,-3.75,93.0,-2.0,0
18.359065294265747,-3.75,93.0,-2.0,0
18.37783408164978,-3.0,94.75,-2.0,0
18.396451234817505,-2.75,100.25,-1.0,0
18.415102005004883,-2.75,100.25,-1.0,0
18.43361520767212,-0.25,104.5,-2.0,0
18.45220708847046,-0.25,104.5,-2.0,0
18.470908164978027,-0.25,104.5,-2.0,0
18.489586353302002,4.75,104.75,-2.0,0
18.50752305984497,10.0,101.75,-2.0,0
18.526138305664062,10.0,101.75,-2.0,0
18.544904947280884,12.25,100.0,-3.0,0
18.563478231430054,13.25,102.0,-2.0,0
18.582261085510254,13.25,102.0,-2.0,0
18.600653171539307,11.75,102.25,-3.0,0
18.619352102279663,11.75,102.25,-3.0,0
18.638097286224365,10.75,102.25,-1.0,0
18.657695055007935,10.75,102.25,-1.0,0
18.67670512199402,12.75,100.25,-1.0,0
18.695404052734375,12.75,100.25,-1.0,0
18.713907957077026,12.75,100.25,-1.0,0
18.732429265975952,12.75,100.25,-1.0,0
18.75105905532837,12.75,100.25,-1.0,0
18.769671201705933,12.75,100.25,-1.0,0
18.788477182388306,23.0,92.0,-3.0,0
18.807257175445557,23.0,92.0,-3.0,0
18.826134204864502,24.25,91.0,-2.0,0
18.844892263412476,26.25,90.5,-4.0,0
18.863410234451294,28.5,90.0,-4.0,0
18.88187313079834,28.5,90.0,-4.0,0
18.900535106658936,28.5,90.0,-4.0,0
18.91917109489441,28.5,90.0,-4.0,0
18.938221216201782,0,0,0,0
18.957810163497925,0,0,0,0
18.97715425491333,32.25,86.5,-4.0,0
18.996248245239258,34.25,85.75,-3.0,0
19.01502513885498,34.25,85.75,-3.0,0
19.03394317626953,38.25,79.75,-4.0,0
19.053290128707886,38.25,79.75,-4.0,0
19.072110176086426,38.25,79.75,-4.0,0
19.09117817878723,42.25,73.75,-4.0,0
19.10996913909912,42.25,68.5,-3.0,0
19.128369331359863,42.25,68.5,-3.0,0
19.14707112312317,40.25,61.75,-4.0,0
19.165467262268066,40.25,61.75,-4.0,0
19.183821201324463,37.75,58.25,-1.0,0
19.202324151992798,33.75,58.75,-1.0,0
19.220627069473267,33.25,58.5,-1.0,0
19.240360260009766,33.25,58.5,-1.0,0
19.259214162826538,33.25,58.5,-1.0,0
19.28074026107788,34.5,55.75,0,0
19.29988408088684,34.5,55.75,0,0
19.3178231716156,38.25,50.75,-2.0,0
19.335952281951904,43.5,44.0,-3.0,0
19.35451602935791,43.5,44.0,-3.0,0
19.3739070892334,47.5,28.75,-4.0,0
19.392593145370483,47.5,28.75,-4.0,0
19.411314964294434,48.75,19.0,-5.0,0
19.429705142974854,48.75,19.0,-5.0,0
19.44836926460266,48.75,19.0,-5.0,0
19.466965198516846,48.75,19.0,-5.0,0
19.48548936843872,48.75,19.0,-5.0,0
19.50417423248291,49.25,5.25,-3.0,0
19.522683143615723,50.5,-4.5,-3.0,0
19.54278016090393,52.75,-9.75,-3.0,0
19.56111431121826,57.0,-16.75,-4.0,0
19.579387187957764,57.0,-16.75,-4.0,0
19.59799027442932,57.0,-16.75,-4.0,0
19.616413354873657,62.75,-27.0,-5.0,0
19.634759187698364,67.0,-33.0,-7.0,0
19.653231143951416,67.0,-33.0,-7.0,0
19.672168970108032,67.0,-33.0,-7.0,0
19.690787076950073,70.75,-37.5,-7.0,0
19.709509134292603,0,0,0,0
19.7277672290802,0,0,0,0
19.74609613418579,0,0,0,0
19.764487266540527,0,0,0,0
19.78280019760132,0,0,0,0
19.801143169403076,0,0,0,0
19.819682121276855,0,0,0,0
19.838106155395508,0,0,0,0
19.85689616203308,57.5,-51.0,-4.0,0
19.87568211555481,57.5,-58.0,-2.0,0
19.894566297531128,57.5,-58.0,-2.0,0
19.913520336151123,58.75,-65.0,-2.0,0
19.932021141052246,0,0,0,0
19.950663328170776,0,0,0,0
19.969187259674072,64.0,-77.5,-5.0,0
19.988271236419678,64.0,-77.5,-5.0,0
20.007716178894043,62.0,-78.0,-4.0,0
20.02674627304077,62.0,-78.0,-4.0,0
20.046048164367676,62.0,-78.0,-4.0,0
20.064635276794434,0,0,0,0
20.08233332633972,0,0,0,0
20.100917100906372,49.25,-81.25,-3.0,0
20.119800090789795,49.25,-81.25,-3.0,0
20.138269186019897,0,0,0,0
20.156773328781128,0,0,0,0
20.175437211990356,0,0,0,0
20.19451332092285,48.75,-82.5,-3.0,0
20.213515043258667,46.25,-84.75,-2.0,0
20.232182025909424,46.25,-84.75,-2.0,0
20.25090718269348,46.25,-84.75,-2.0,0
20.26960825920105,47.0,-87.75,-1.0,0
20.28858494758606,47.0,-87.75,-1.0,0
20.307120323181152,0,0,0,0
20.326008081436157,0,0,0,0
20.344815254211426,45.5,-88.5,-3.0,0
20.363450288772583,45.5,-88.5,-3.0,0
20.382298231124878,45.5,-88.5,-3.0,0
20.40099835395813,41.75,-86.75,-3.0,0
20.419600248336792,41.75,-86.75,-3.0,0
20.43942403793335,0,0,0,0
20.45792007446289,0,0,0,0
20.476781129837036,39.0,-98.5,-2.0,0
20.495439291000366,39.0,-98.5,-2.0,0
20.514714241027832,36.0,-96.5,-2.0,0
20.534776210784912,0,0,0,0
20.55509614944458,0,0,0,0
20.575184106826782,34.25,-109.0,-2.0,0
20.594035148620605,34.25,-109.0,-2.0,0
20.612507343292236,34.75,-110.25,-2.0,0
20.63216733932495,34.75,-112.75,-1.0,0
20.65254521369934,34.75,-112.75,-1.0,0
20.672647953033447,33.75,-116.5,-1.0,0
20.6925950050354,33.75,-116.5,-1.0,0
20.714219093322754,32.75,-119.25,-2.0,0
20.733201265335083,35.25,-122.25,-1.0,0
20.752136945724487,35.25,-122.25,-1.0,0
20.77084517478943,36.5,-123.0,-3.0,0
20.788995265960693,36.5,-123.0,-3.0,0
20.80783724784851,36.5,-123.0,-3.0,0
20.82632827758789,36.5,-123.0,-3.0,0
20.844451189041138,36.5,-123.0,-3.0,0
20.862600088119507,36.5,-123.0,-3.0,0
20.88155698776245,0,0,0,0
20.900516271591187,33.25,-119.25,-1.0,0
20.918723106384277,33.25,-119.25,-1.0,0
20.936827182769775,0,0,0,0
20.9549822807312,0,0,0,0
20.9724600315094,0,0,0,0
20.990962266921997,0,0,0,0
21.00930619239807,29.25,-106.75,-2.0,0
21.027477025985718,29.25,-106.75,-2.0,0
21.045924186706543,29.25,-106.75,-2.0,0
21.064404010772705,27.75,-103.0,-1.0,0
21.082574129104614,30.25,-104.0,-1.0,0
21.100574016571045,32.25,-108.5,-2.0,0
21.1189181804657,32.25,-108.5,-2.0,0
21.137083292007446,33.0,-116.5,-1.0,0
21.155524253845215,33.0,-116.5,-1.0,0
21.174028158187866,30.25,-124.0,-3.0,0
21.19282102584839,30.25,-124.0,-3.0,0
21.21170210838318,26.25,-136.75,-1.0,0
21.230397939682007,26.25,-136.75,-1.0,0
21.249101161956787,26.25,-136.75,-1.0,0
21.267811059951782,24.25,-143.0,-1.0,0
21.286811351776123,24.25,-143.0,-1.0,0
21.305666208267212,25.25,-149.25,-1.0,0
21.32361602783203,25.25,-149.25,-1.0,0
21.341774225234985,25.25,-149.25,-1.0,0
21.36080002784729,28.5,-162.5,-1.0,0
21.379847288131714,30.25,-173.0,-1.0,0
21.39834213256836,29.0,-161.25,-1.0,0
21.417850255966187,29.0,-161.25,-1.0,0
21.436599254608154,25.75,-148.25,-1.0,0
21.455453395843506,25.75,-148.25,-1.0,0
21.474404096603394,26.5,-151.25,-1.0,0
21.49337601661682,26.5,-151.25,-1.0,0
21.51189613342285,29.75,-148.75,-1.0,0
21.530593156814575,35.25,-142.5,-2.0,0
21.549036026000977,35.25,-142.5,-2.0,0
21.56743812561035,41.0,-138.25,-3.0,0
21.58602499961853,41.0,-138.25,-3.0,0
21.604801177978516,48.0,-138.5,-3.0,0
21.62371301651001,48.0,-138.5,-3.0,0
21.642531156539917,49.75,-138.5,-4.0,0
21.661201238632202,49.75,-138.5,-4.0,0
21.67998433113098,46.75,-134.0,-5.0,0
21.698572158813477,41.0,-126.0,-3.0,0
21.717153072357178,41.0,-126.0,-3.0,0
21.735788106918335,36.0,-120.25,-2.0,0
21.754603147506714,36.0,-120.25,-2.0,0
21.773149251937866,0,0,0,0
21.79153823852539,0,0,0,0
21.81035804748535,38.5,-118.0,-4.0,0
21.82938504219055,43.0,-120.5,-4.0,0
21.84819006919861,43.0,-120.5,-4.0,0
21.86700701713562,43.0,-120.5,-4.0,0
21.88586711883545,43.0,-120.5,-4.0,0
21.904905080795288,43.0,-120.5,-4.0,0
21.92385220527649,43.0,-120.5,-4.0,0
21.94313907623291,47.25,-124.25,-6.0,0
21.962587118148804,49.0,-127.75,-6.0,0
21.981044054031372,41.25,-117.25,-3.0,0
21.999441146850586,31.5,-107.5,-3.0,0
22.01763105392456,31.5,-107.5,-3.0,0
22.039526224136353,22.75,-95.0,-2.0,0
22.058301210403442,22.75,-95.0,-2.0,0
22.077088117599487,15.5,-82.25,-1.0,0
22.095890283584595,15.5,-82.25,-1.0,0
22.114724159240723,10.0,-70.5,-1.0,0
22.133324146270752,5.75,-58.25,0,0
22.151793241500854,5.75,-58.25,0,0
22.170217037200928,0.5,-44.5,0,0
22.188985109329224,0.5,-44.5,0,0
22.207747220993042,-2.5,-10.25,0,0
22.22634720802307,-2.5,-10.25,0,0
22.245038270950317,-2.5,-10.25,0,0
22.26357913017273,-0.25,-7.0,1.0,0
22.282133102416992,-0.25,-7.0,1.0,0
22.300541400909424,0.0,-3.25,-1.0,0
22.319186210632324,0.0,-3.25,-1.0,0
22.337956190109253,0.0,4.0,-1.0,0
22.35679316520691,0.0,4.0,-1.0,0
22.37619924545288,1.25,8.0,0,0
22.39486527442932,1.25,8.0,0,0
22.413762092590332,2.5,9.5,-1.0,0
22.432326316833496,1.25,12.75,0,0
22.450868129730225,1.25,12.75,0,0
22.46941328048706,-0.5,19.5,0,0
22.487789154052734,-0.5,19.5,0,0
22.50646710395813,-0.75,30.0,-1.0,0
22.525116205215454,-0.75,30.0,-1.0,0
22.5436532497406,1.25,41.0,-1.0,0
22.563079357147217,1.25,41.0,-1.0,0
22.582133054733276,2.5,50.0,-1.0,0
22.600579261779785,2.25,58.25,0,0
22.61929416656494,2.25,58.25,0,0
22.638156175613403,2.25,58.25,0,0
22.65670609474182,-1.0,72.0,-1.0,0
22.675211191177368,-3.0,84.0,-1.0,0
22.693894147872925,-3.0,84.0,-1.0,0
22.712809085845947,-3.25,94.5,0,0
22.731595039367676,-3.25,94.5,0,0
22.750164031982422,-2.75,103.0,-2.0,0
22.768754243850708,-3.5,109.25,-3.0,0
22.787419319152832,-3.5,109.25,-3.0,0
22.805846214294434,-5.25,116.0,1.0,0
22.82477116584778,-5.25,116.0,1.0,0
22.84346604347229,-7.0,123.75,0,0
22.86216402053833,-7.0,123.75,0,0
22.88093638420105,-5.5,130.25,-1.0,0
22.899709939956665,-5.5,130.25,-1.0,0
22.918294191360474,-5.5,130.25,-1.0,0
22.936923265457153,-5.5,130.25,-1.0,0
22.955743074417114,-5.5,130.25,-1.0,0
22.97459626197815,-5.5,130.25,-1.0,0
22.993592262268066,3.0,123.5,-3.0,0
23.01230525970459,0.75,126.5,-3.0,0
23.030970096588135,0.75,126.5,-3.0,0
23.049548149108887,-2.25,135.25,0,0
23.068021059036255,-5.75,149.75,0,0
23.087038040161133,-5.75,149.75,0,0
23.10569715499878,-5.75,149.75,0,0
23.124717235565186,-8.5,163.75,3.0,0
23.143659114837646,-11.25,177.0,-1.0,0
23.16277027130127,-11.25,177.0,-1.0,0
23.181557178497314,-10.0,187.5,1.0,0
23.200225114822388,-7.5,192.5,0,0
23.2188880443573,-3.25,193.25,-1.0,0
23.237547159194946,-3.25,193.25,-1.0,0
23.258718013763428,-3.25,193.25,-1.0,0
23.27752709388733,1.0,193.5,-1.0,0
23.296098232269287,4.0,195.0,-3.0,0
23.314587116241455,4.0,195.0,-3.0,0
23.33330011367798,6.0,197.5,-2.0,0
23.351834297180176,6.0,197.5,-2.0,0
23.370375156402588,7.25,197.75,-4.0,0
23.389204025268555,7.25,197.75,-4.0,0
23.407758235931396,9.0,193.25,-4.0,0
23.426422119140625,9.0,193.25,-4.0,0
23.44509220123291,11.5,189.5,-4.0,0
23.46359610557556,11.5,189.5,-4.0,0
23.482282161712646,13.25,184.0,-4.0,0
23.5007643699646,15.25,183.0,-6.0,0
23.51931118965149,15.25,183.0,-6.0,0
23.537851333618164,16.0,182.5,-6.0,0
23.556568145751953,16.0,182.5,-6.0,0
23.575721979141235,16.0,185.25,-5.0,0
23.59433126449585,16.0,185.25,-5.0,0
23.613065004348755,14.25,192.25,-2.0,0
23.631622314453125,14.25,192.25,-2.0,0
23.650209188461304,11.5,201.75,-2.0,0
23.668626308441162,9.0,212.5,-3.0,0
23.687210083007812,9.0,212.5,-3.0,0
23.705531120300293,0,0,0,0
23.734777212142944,0,0,0,0
23.7535080909729,0,0,0,0
23.771995306015015,0,0,0,0
23.790436267852783,0,0,0,0
23.809064388275146,0,0,0,0
23.82765531539917,10.25,215.75,-3.0,0
23.846193313598633,7.5,208.0,-3.0,0
23.864777088165283,5.75,205.75,-2.0,0
23.88340711593628,5.75,205.75,-2.0,0
23.90192723274231,6.25,198.75,-2.0,0
23.920716047286987,6.25,198.75,-2.0,0
23.938518047332764,8.0,187.0,-3.0,0
23.957354068756104,8.0,187.0,-3.0,0
23.976152181625366,8.0,187.0,-3.0,0
23.996190071105957,8.0,187.0,-3.0,0
24.016937017440796,8.0,187.0,-3.0,0
24.035765171051025,7.75,165.5,-4.0,0
24.054399013519287,6.25,159.5,-2.0,0
24.07213020324707,6.0,153.5,-2.0,0
24.091044187545776,6.0,153.5,-2.0,0
24.110201120376587,8.75,143.75,-4.0,0
24.128827333450317,12.5,126.75,-3.0,0
24.147544145584106,12.5,126.75,-3.0,0
24.165954113006592,15.0,95.5,-4.0,0
24.184449195861816,15.0,95.5,-4.0,0
24.203016996383667,15.0,95.5,-4.0,0
24.221689224243164,11.5,49.25,-4.0,0
24.24036407470703,11.5,49.25,-4.0,0
24.259207248687744,11.5,49.25,-4.0,0
24.277936220169067,8.5,37.0,-4.0,0
24.29655623435974,8.5,31.0,-2.0,0
24.3150691986084,8.5,31.0,-2.0,0
24.333627223968506,8.5,31.0,-2.0,0
24.35208821296692,9.25,30.0,-3.0,0
24.370542287826538,8.0,35.5,-3.0,0
24.389302015304565,8.0,35.5,-3.0,0
24.40797519683838,6.5,39.5,-3.0,0
24.426653385162354,6.5,39.5,-3.0,0
24.445163011550903,6.25,43.5,-3.0,0
24.46386218070984,6.25,43.5,-3.0,0
24.482481241226196,6.25,43.5,-3.0,0
24.50111413002014,9.0,39.75,-2.0,0
24.519245147705078,0,0,0,0
24.53777527809143,0,0,0,0
24.55618929862976,0,0,0,0
24.574459314346313,0,0,0,0
24.59298014640808,0,0,0,0
24.612152099609375,2.5,-6.5,-1.0,0
24.63073205947876,1.75,-25.0,-2.0,0
24.649256229400635,1.75,-25.0,-2.0,0
24.667649030685425,2.5,-49.25,-2.0,0
24.686220169067383,2.5,-49.25,-2.0,0
24.70495104789734,3.0,-65.75,-2.0,0
24.723830223083496,3.0,-65.75,-2.0,0
24.742817163467407,4.75,-79.25,-2.0,0
24.76146101951599,4.75,-79.25,-2.0,0
24.780126094818115,5.0,-93.25,-2.0,0
24.798619270324707,5.25,-103.25,-1.0,0
24.816941261291504,5.25,-103.25,-1.0,0
24.835724115371704,6.25,-112.25,-1.0,0
24.854337215423584,6.25,-112.25,-1.0,0
24.87267827987671,5.75,-120.25,-2.0,0
24.891396284103394,5.75,-120.25,-2.0,0
24.910170316696167,5.75,-127.0,-3.0,0
24.92881417274475,5.75,-127.0,-3.0,0
24.94765591621399,4.75,-131.75,-1.0,0
24.96636128425598,4.0,-139.5,-1.0,0
24.9847571849823,4.0,-139.5,-1.0,0
25.00350522994995,4.0,-139.5,-1.0,0
25.022337198257446,4.0,-139.5,-1.0,0
25.041256189346313,4.0,-139.5,-1.0,0
25.059998035430908,4.0,-139.5,-1.0,0
25.078893184661865,4.5,-149.5,-1.0,0
25.097642183303833,4.5,-149.5,-1.0,0
25.116034030914307,4.75,-160.75,-2.0,0
25.134453058242798,4.0,-167.25,-3.0,0
25.152709245681763,4.0,-167.25,-3.0,0
25.17137837409973,0.75,-171.25,-1.0,0
25.190147161483765,0.75,-171.25,-1.0,0
25.209094285964966,0.75,-171.25,-1.0,0
25.227630138397217,-5.25,-182.0,-1.0,0
25.24633812904358,-5.25,-182.0,-1.0,0
25.264998197555542,-5.25,-182.0,-1.0,0
25.28390622138977,-5.0,-194.5,0,0
25.302553176879883,-5.5,-209.5,-2.0,0
25.321529150009155,-5.5,-209.5,-2.0,0
25.339908123016357,0,0,0,0
25.358522176742554,0,0,0,0
25.377005100250244,0,0,0,0
25.39527201652527,0,0,0,0
25.413745164871216,0,0,0,0
25.431987047195435,0,0,0,0
25.450246334075928,0,0,0,0
25.468560218811035,0,0,0,0
25.487059116363525,0,0,0,0
25.505293130874634,0,0,0,0
25.52361226081848,0,0,0,0
25.541935205459595,0,0,0,0
25.560254096984863,0,0,0,0
25.578463077545166,0,0,0,0
25.596623182296753,0,0,0,0
25.61514925956726,0,0,0,0
25.634084224700928,0,0,0,0
25.65264105796814,0,0,0,0
25.67122507095337,0,0,0,0
25.69005799293518,0,0,0,0
25.70856022834778,0,0,0,0
25.727185249328613,0,0,0,0
25.745622158050537,0,0,0,0
25.76402711868286,0,0,0,0
25.78224205970764,0,0,0,0
25.800337314605713,0,0,0,0
25.818621397018433,0,0,0,0
25.8372700214386,8.5,-211.75,-2.0,0
25.855679035186768,8.5,-211.75,-2.0,0
25.874508142471313,11.0,-183.75,-3.0,0
25.893181324005127,11.0,-183.75,-3.0,0
25.911819219589233,11.0,-183.75,-3.0,0
25.9304141998291,11.25,-156.5,-2.0,0
25.94912624359131,9.25,-132.5,-4.0,0
25.96757197380066,10.5,-119.5,-2.0,0
25.986152172088623,10.5,-119.5,-2.0,0
26.004699230194092,12.75,-114.75,-3.0,0
26.023495197296143,12.75,-114.75,-3.0,0
26.04215931892395,10.75,-111.5,-3.0,0
26.060901165008545,10.75,-111.5,-3.0,0
26.07952117919922,10.75,-111.5,-3.0,0
26.097999095916748,10.75,-111.5,-3.0,0
26.116624116897583,10.75,-111.5,-3.0,0
26.13532328605652,5.5,-105.25,-2.0,0
26.153642177581787,4.0,-104.0,-3.0,0
26.172303199768066,2.75,-100.25,-2.0,0
26.191205263137817,2.75,-100.25,-2.0,0
26.210236310958862,1.75,-89.75,-1.0,0
26.228897094726562,1.75,-89.75,-1.0,0
26.247517347335815,1.75,-89.75,-1.0,0
26.266130924224854,1.75,-94.75,0,0
26.28485417366028,1.75,-94.75,0,0
26.303417205810547,1.75,-109.75,-1.0,0
26.321644067764282,1.75,-109.75,-1.0,0
26.340150117874146,1.75,-109.75,-1.0,0
26.35905623435974,3.75,-126.5,-2.0,0
26.37781524658203,5.0,-137.75,-2.0,0
26.39650821685791,7.25,-141.75,-2.0,0
26.415258169174194,7.25,-141.75,-2.0,0
26.433719158172607,10.25,-139.0,-2.0,0
26.452202081680298,10.25,-139.0,-2.0,0
26.47090721130371,10.25,-139.0,-2.0,0
26.489614248275757,11.0,-134.0,-1.0,0
26.50818419456482,11.5,-128.0,-2.0,0
26.52670121192932,11.5,-128.0,-2.0,0
26.545555114746094,12.5,-121.25,-2.0,0
26.563892126083374,14.25,-115.75,-3.0,0
26.58239221572876,14.25,-115.75,-3.0,0
26.600796222686768,14.5,-111.5,-2.0,0
26.619052171707153,14.5,-111.5,-2.0,0
26.637668132781982,16.5,-110.5,-2.0,0
26.656399250030518,16.5,-110.5,-2.0,0
26.675194263458252,16.5,-110.5,-2.0,0
26.693469285964966,0,0,0,0
26.71209716796875,22.0,-107.25,-3.0,0
26.730642318725586,22.25,-103.5,-4.0,0
26.749019145965576,22.25,-103.5,-4.0,0
26.767479181289673,19.5,-98.75,-4.0,0
26.78606629371643,19.5,-98.75,-4.0,0
26.804758071899414,19.75,-96.25,-4.0,0
26.823538303375244,19.75,-96.25,-4.0,0
26.842063188552856,0,0,0,0
26.860474109649658,0,0,0,0
26.879573106765747,18.75,-96.75,-2.0,0
26.89839220046997,18.75,-96.75,-2.0,0
26.91713309288025,13.5,-93.75,-1.0,0
26.93568205833435,10.0,-91.25,0,0
26.95446515083313,10.0,-91.25,0,0
26.97315526008606,9.25,-87.25,0,0
26.99109411239624,9.25,-87.25,0,0
27.009984016418457,10.0,-80.5,0,0
27.02927803993225,10.0,-80.5,0,0
27.048262357711792,9.25,-72.5,-2.0,0
27.066826105117798,6.75,-65.0,0,0
27.085479259490967,6.75,-65.0,0,0
27.104305267333984,6.75,-65.0,0,0
27.123173236846924,6.75,-65.0,0,0
27.141950130462646,6.75,-65.0,0,0
27.16072916984558,6.75,-65.0,0,0
27.179713010787964,6.75,-65.0,0,0
27.19836115837097,5.25,-57.0,0,0
27.21716618537903,5.25,-57.0,0,0
27.235777139663696,5.25,-57.0,0,0
27.25446128845215,5.25,-57.0,0,0
27.273545026779175,13.0,-59.5,-1.0,0
27.292540311813354,24.25,-61.0,-4.0,0
27.311262130737305,26.5,-48.75,-4.0,0
27.329787254333496,26.5,-48.75,-4.0,0
27.348470211029053,26.5,-48.75,-4.0,0
27.366998195648193,26.5,-23.0,-5.0,0
27.385707139968872,26.5,-23.0,-5.0,0
27.404534101486206,23.0,-11.75,-4.0,0
27.423357248306274,23.0,-11.75,-4.0,0
27.44197416305542,18.75,-1.5,-3.0,0
27.46069097518921,18.75,-1.5,-3.0,0
27.479040145874023,16.75,9.25,-2.0,0
27.497493028640747,16.75,9.25,-2.0,0
27.515847206115723,17.75,14.5,-2.0,0
27.534250020980835,18.75,17.25,-2.0,0
27.552783250808716,18.75,17.25,-2.0,0
27.571330070495605,18.0,20.25,-2.0,0
27.590036153793335,18.0,20.25,-2.0,0
27.60894513130188,18.0,20.25,-2.0,0
27.627734184265137,14.25,25.0,-2.0,0
27.646301984786987,12.25,31.75,-2.0,0
27.664844036102295,13.0,36.5,-2.0,0
27.68322205543518,13.0,36.5,-2.0,0
27.70171618461609,15.5,36.75,-3.0,0
27.720324277877808,15.5,36.75,-3.0,0
27.73886013031006,15.5,36.75,-3.0,0
27.75753402709961,17.25,36.25,-4.0,0
27.776645183563232,15.25,39.75,-2.0,0
27.795339107513428,15.25,39.75,-2.0,0
27.813842296600342,10.75,44.5,-1.0,0
27.83230209350586,5.5,53.75,0,0
27.85076928138733,5.5,53.75,0,0
27.86923599243164,2.5,62.25,0,0
27.888055086135864,2.5,62.25,0,0
27.90717315673828,2.5,62.25,0,0
27.926053285598755,1.25,70.5,2.0,0
27.945038080215454,3.0,75.5,0,0
27.963593006134033,5.5,78.0,0,0
27.982169151306152,5.5,78.0,0,0
28.00068712234497,7.25,77.25,0,0
28.019350051879883,7.25,77.25,0,0
28.03817915916443,7.5,78.25,0,0
28.05706214904785,7.5,78.25,0,0
28.075826168060303,10.0,80.5,0,0
28.094577312469482,10.0,80.5,0,0
28.11356019973755,10.75,85.25,-2.0,0
28.1321222782135,10.25,87.75,-2.0,0
28.150604248046875,10.25,87.75,-2.0,0
28.16929316520691,10.25,87.75,-2.0,0
28.188071250915527,10.25,87.75,-2.0,0
28.206918239593506,10.25,87.75,-2.0,0
28.225775241851807,8.5,90.5,-2.0,0
28.24448013305664,5.5,107.5,1.0,0
28.262965202331543,5.5,107.5,1.0,0
28.281572103500366,5.5,107.5,1.0,0
28.300227165222168,5.5,107.5,1.0,0
28.318862199783325,9.25,111.0,1.0,0
28.33762836456299,9.25,111.0,1.0,0
28.3564133644104,9.25,111.0,1.0,0
28.37482714653015,14.5,111.0,-2.0,0
28.393151998519897,16.5,110.25,-2.0,0
28.411959171295166,15.5,111.5,-1.0,0
28.43051815032959,15.5,111.5,-1.0,0
28.449403285980225,14.5,119.0,-1.0,0
28.468156337738037,14.5,119.0,-1.0,0
28.48660111427307,15.25,124.5,0,0
28.505412101745605,18.5,126.5,-2.0,0
28.524161100387573,18.5,126.5,-2.0,0
28.543047189712524,22.5,128.25,0,0
28.56208896636963,22.5,128.25,0,0
28.58243417739868,26.0,128.0,-3.0,0
28.602946043014526,29.5,121.25,-4.0,0
28.621134281158447,29.5,121.25,-4.0,0
28.639223098754883,30.0,116.0,-2.0,0
28.657619953155518,30.0,116.0,-2.0,0
28.67624020576477,30.0,116.0,-2.0,0
28.69480299949646,30.0,116.0,-2.0,0
28.71359634399414,27.75,114.75,-2.0,0
28.73244595527649,27.75,114.75,-2.0,0
